{"cameraMode":{"drawMode":0,"name":"Shaded","section":"Shading Mode"},"sceneLighting":true,"audioPlay":false,"sceneViewState":{"m_AlwaysRefresh":false,"showFog":true,"showSkybox":true,"showFlares":true,"showImageEffects":true,"showParticleSystems":true,"showVisualEffectGraphs":true,"m_FxEnabled":true},"in2DMode":false,"pivot":{"x":-0.11650466918945313,"y":0.0024852752685546877,"z":-2.5599989891052248},"rotation":{"x":0.42057034373283389,"y":0.03400929644703865,"z":-0.015780940651893617,"w":0.9064908623695374},"size":3.6422877311706545,"orthographic":false}