{"cameraMode":{"drawMode":0,"name":"Shaded","section":"Shading Mode"},"sceneLighting":false,"audioPlay":false,"sceneViewState":{"m_AlwaysRefresh":false,"showFog":true,"showSkybox":false,"showFlares":true,"showImageEffects":true,"showParticleSystems":true,"showVisualEffectGraphs":true,"m_FxEnabled":true},"in2DMode":false,"pivot":{"x":0.08570703119039536,"y":-0.04965543746948242,"z":-0.9550333023071289},"rotation":{"x":0.4778803288936615,"y":-0.014497658237814904,"z":0.00788683257997036,"w":0.8782791495323181},"size":1.812941074371338,"orthographic":false}