{"cameraMode":{"drawMode":0,"name":"Shaded","section":"Shading Mode"},"sceneLighting":false,"audioPlay":false,"sceneViewState":{"m_AlwaysRefresh":false,"showFog":true,"showSkybox":false,"showFlares":true,"showImageEffects":true,"showParticleSystems":true,"showVisualEffectGraphs":true,"m_FxEnabled":true},"in2DMode":false,"pivot":{"x":19.920000076293947,"y":-4.420000076293945,"z":98.37999725341797},"rotation":{"x":-0.31864285469055178,"y":-0.010333162732422352,"z":0.003478973638266325,"w":-0.9478361010551453},"size":0.6123724579811096,"orthographic":false}