{"cameraMode":{"drawMode":0,"name":"Shaded","section":"Shading Mode"},"sceneLighting":false,"audioPlay":false,"sceneViewState":{"m_AlwaysRefresh":false,"showFog":true,"showSkybox":false,"showFlares":true,"showImageEffects":true,"showParticleSystems":true,"showVisualEffectGraphs":true,"m_FxEnabled":true},"in2DMode":false,"pivot":{"x":-3.0003786087036135,"y":0.6022977828979492,"z":-0.9870986938476563},"rotation":{"x":-0.017878007143735887,"y":0.9419317245483398,"z":-0.331940621137619,"w":-0.051153235137462619},"size":1.335087537765503,"orthographic":false}