{"cameraMode":{"drawMode":0,"name":"Shaded","section":"Shading Mode"},"sceneLighting":true,"audioPlay":false,"sceneViewState":{"m_AlwaysRefresh":false,"showFog":true,"showSkybox":true,"showFlares":true,"showImageEffects":true,"showParticleSystems":true,"showVisualEffectGraphs":true,"m_FxEnabled":true},"in2DMode":false,"pivot":{"x":4.7364888191223148,"y":1.9813861846923829,"z":6.196586608886719},"rotation":{"x":-0.5390558838844299,"y":0.003025710815563798,"z":-0.0019462625496089459,"w":-0.8422842025756836},"size":10.317708969116211,"orthographic":false}