{"cameraMode":{"drawMode":0,"name":"Shaded","section":"Shading Mode"},"sceneLighting":false,"audioPlay":false,"sceneViewState":{"m_AlwaysRefresh":false,"showFog":true,"showSkybox":false,"showFlares":true,"showImageEffects":true,"showParticleSystems":true,"showVisualEffectGraphs":true,"m_FxEnabled":true},"in2DMode":false,"pivot":{"x":0.11622117459774018,"y":0.5216703414916992,"z":0.11338329315185547},"rotation":{"x":0.6329230070114136,"y":0.0023144162259995939,"z":-0.0019018331076949835,"w":0.7742401957511902},"size":4.6821160316467289,"orthographic":false}