{"cameraMode":{"drawMode":0,"name":"Shaded","section":"Shading Mode"},"sceneLighting":false,"audioPlay":false,"sceneViewState":{"m_AlwaysRefresh":false,"showFog":true,"showSkybox":false,"showFlares":true,"showImageEffects":true,"showParticleSystems":true,"showVisualEffectGraphs":true,"m_FxEnabled":true},"in2DMode":false,"pivot":{"x":16.266048431396486,"y":-10.114991188049317,"z":96.4800033569336},"rotation":{"x":-0.46206000447273257,"y":-0.004344349727034569,"z":0.002273094141855836,"w":-0.8868639469146729},"size":0.910013735294342,"orthographic":false}