{"cameraMode":{"drawMode":0,"name":"Shaded","section":"Shading Mode"},"sceneLighting":true,"audioPlay":false,"sceneViewState":{"m_AlwaysRefresh":false,"showFog":true,"showSkybox":true,"showFlares":true,"showImageEffects":true,"showParticleSystems":true,"showVisualEffectGraphs":true,"m_FxEnabled":true},"in2DMode":false,"pivot":{"x":-0.5441056489944458,"y":10.589948654174805,"z":3.669963836669922},"rotation":{"x":-0.34505853056907656,"y":0.0071309101767838,"z":-0.002620974788442254,"w":-0.9385550618171692},"size":6.5982513427734379,"orthographic":false}