{"cameraMode":{"drawMode":0,"name":"Shaded","section":"Shading Mode"},"sceneLighting":false,"audioPlay":false,"sceneViewState":{"m_AlwaysRefresh":false,"showFog":true,"showSkybox":false,"showFlares":true,"showImageEffects":true,"showParticleSystems":true,"showVisualEffectGraphs":true,"m_FxEnabled":true},"in2DMode":false,"pivot":{"x":-0.0005666017532348633,"y":0.9811592102050781,"z":0.26999998092651369},"rotation":{"x":0.41493842005729678,"y":-0.0063218045979738239,"z":0.0030099579598754646,"w":0.9100158214569092},"size":1.303564429283142,"orthographic":false}