{"cameraMode":{"drawMode":0,"name":"Shaded","section":"Shading Mode"},"sceneLighting":true,"audioPlay":false,"sceneViewState":{"m_AlwaysRefresh":false,"showFog":true,"showSkybox":true,"showFlares":true,"showImageEffects":true,"showParticleSystems":true,"showVisualEffectGraphs":true,"m_FxEnabled":true},"in2DMode":false,"pivot":{"x":0.5626711249351502,"y":0.4665870666503906,"z":2.663498640060425},"rotation":{"x":-0.6271186470985413,"y":-0.0028355219401419164,"z":0.0021995396818965675,"w":-0.7789893746376038},"size":11.804326057434082,"orthographic":false}