{"cameraMode":{"drawMode":0,"name":"Shaded","section":"Shading Mode"},"sceneLighting":false,"audioPlay":false,"sceneViewState":{"m_AlwaysRefresh":false,"showFog":true,"showSkybox":false,"showFlares":true,"showImageEffects":true,"showParticleSystems":true,"showVisualEffectGraphs":true,"m_FxEnabled":true},"in2DMode":false,"pivot":{"x":18.899999618530275,"y":-4.420000076293945,"z":98.37999725341797},"rotation":{"x":-0.33141452074050906,"y":-0.008870083838701249,"z":0.0031210172455757858,"w":-0.9434629678726196},"size":0.6123724579811096,"orthographic":false}