{"cameraMode":{"drawMode":0,"name":"Shaded","section":"Shading Mode"},"sceneLighting":true,"audioPlay":false,"sceneViewState":{"m_AlwaysRefresh":false,"showFog":true,"showSkybox":true,"showFlares":true,"showImageEffects":true,"showParticleSystems":true,"showVisualEffectGraphs":true,"m_FxEnabled":true},"in2DMode":false,"pivot":{"x":17.673782348632814,"y":-5.793274402618408,"z":101.32987213134766},"rotation":{"x":-0.36097630858421328,"y":-0.0031735701486468317,"z":0.0012298652436584235,"w":-0.9325886964797974},"size":14.077601432800293,"orthographic":false}