{"cameraMode":{"drawMode":0,"name":"Shaded","section":"Shading Mode"},"sceneLighting":true,"audioPlay":false,"sceneViewState":{"m_AlwaysRefresh":false,"showFog":true,"showSkybox":true,"showFlares":true,"showImageEffects":true,"showParticleSystems":true,"showVisualEffectGraphs":true,"m_FxEnabled":true},"in2DMode":false,"pivot":{"x":589.394775390625,"y":165.02284240722657,"z":50.03466796875},"rotation":{"x":0.059655819088220599,"y":-0.0033976694103330375,"z":-0.00020067516015842557,"w":-0.9982275366783142},"size":406.41241455078127,"orthographic":false}