{"cameraMode":{"drawMode":0,"name":"Shaded","section":"Shading Mode"},"sceneLighting":true,"audioPlay":false,"sceneViewState":{"m_AlwaysRefresh":false,"showFog":true,"showSkybox":true,"showFlares":true,"showImageEffects":true,"showParticleSystems":true,"showVisualEffectGraphs":true,"m_FxEnabled":true},"in2DMode":false,"pivot":{"x":17.153005599975587,"y":-0.5344851016998291,"z":84.87999725341797},"rotation":{"x":-0.2578638792037964,"y":0.00009348212915938348,"z":-0.000025177081624860875,"w":-0.9661871194839478},"size":0.8333053588867188,"orthographic":false}