{"cameraMode":{"drawMode":0,"name":"Shaded","section":"Shading Mode"},"sceneLighting":true,"audioPlay":false,"sceneViewState":{"m_AlwaysRefresh":false,"showFog":true,"showSkybox":true,"showFlares":true,"showImageEffects":true,"showParticleSystems":true,"showVisualEffectGraphs":true,"m_FxEnabled":true},"in2DMode":false,"pivot":{"x":16.955814361572267,"y":-4.3979997634887699,"z":90.50434875488281},"rotation":{"x":-0.34975698590278628,"y":-0.0031882277689874174,"z":0.0011912076734006405,"w":-0.936847984790802},"size":4.948183536529541,"orthographic":false}