{"cameraMode":{"drawMode":0,"name":"Shaded","section":"Shading Mode"},"sceneLighting":true,"audioPlay":false,"sceneViewState":{"m_AlwaysRefresh":false,"showFog":true,"showSkybox":true,"showFlares":true,"showImageEffects":true,"showParticleSystems":true,"showVisualEffectGraphs":true,"m_FxEnabled":true},"in2DMode":false,"pivot":{"x":17.28314971923828,"y":-8.123184204101563,"z":98.47380828857422},"rotation":{"x":-0.4593728184700012,"y":-0.009684126824140549,"z":0.0050103310495615009,"w":-0.888198971748352},"size":11.880416870117188,"orthographic":false}