{"cameraMode":{"drawMode":0,"name":"Shaded","section":"Shading Mode"},"sceneLighting":false,"audioPlay":false,"sceneViewState":{"m_AlwaysRefresh":false,"showFog":true,"showSkybox":false,"showFlares":true,"showImageEffects":true,"showParticleSystems":true,"showVisualEffectGraphs":true,"m_FxEnabled":true},"in2DMode":false,"pivot":{"x":-0.40349531173706057,"y":-0.21965289115905763,"z":0.8077182769775391},"rotation":{"x":0.42057034373283389,"y":0.03400929644703865,"z":-0.015780940651893617,"w":0.9064908623695374},"size":3.473433017730713,"orthographic":false}