{"cameraMode":{"drawMode":0,"name":"Shaded","section":"Shading Mode"},"sceneLighting":true,"audioPlay":false,"sceneViewState":{"m_AlwaysRefresh":false,"showFog":true,"showSkybox":true,"showFlares":true,"showImageEffects":true,"showParticleSystems":true,"showVisualEffectGraphs":true,"m_FxEnabled":true},"in2DMode":false,"pivot":{"x":-0.03241837024688721,"y":1.0513774156570435,"z":0.3531903624534607},"rotation":{"x":0.41493842005729678,"y":-0.0063218045979738239,"z":0.0030099579598754646,"w":0.9100158214569092},"size":7.577383518218994,"orthographic":false}