{"cameraMode":{"drawMode":0,"name":"Shaded","section":"Shading Mode"},"sceneLighting":true,"audioPlay":false,"sceneViewState":{"m_AlwaysRefresh":false,"showFog":true,"showSkybox":true,"showFlares":true,"showImageEffects":true,"showParticleSystems":true,"showVisualEffectGraphs":true,"m_FxEnabled":true},"in2DMode":false,"pivot":{"x":1.1034138202667237,"y":-11.127009391784668,"z":15.987314224243164},"rotation":{"x":0.33662450313568118,"y":0.08795514702796936,"z":-0.03140200674533844,"w":0.9372178912162781},"size":16.28127098083496,"orthographic":false}