{"cameraMode":{"drawMode":0,"name":"Shaded","section":"Shading Mode"},"sceneLighting":true,"audioPlay":false,"sceneViewState":{"m_AlwaysRefresh":false,"showFog":true,"showSkybox":true,"showFlares":true,"showImageEffects":true,"showParticleSystems":true,"showVisualEffectGraphs":true,"m_FxEnabled":true},"in2DMode":false,"pivot":{"x":-19.49847412109375,"y":403.98211669921877,"z":343.58966064453127},"rotation":{"x":0.2038956582546234,"y":-0.0038835438899695875,"z":0.0009887685300782323,"w":0.979132890701294},"size":682.2531127929688,"orthographic":false}