{"cameraMode":{"drawMode":0,"name":"Shaded","section":"Shading Mode"},"sceneLighting":true,"audioPlay":false,"sceneViewState":{"m_AlwaysRefresh":false,"showFog":true,"showSkybox":true,"showFlares":true,"showImageEffects":true,"showParticleSystems":true,"showVisualEffectGraphs":true,"m_FxEnabled":true},"in2DMode":false,"pivot":{"x":3.683577537536621,"y":27.79461097717285,"z":22.67728042602539},"rotation":{"x":-0.09563267976045609,"y":-0.03396812081336975,"z":0.0030480523128062488,"w":-0.9950597882270813},"size":44.41066360473633,"orthographic":false}