{"cameraMode":{"drawMode":0,"name":"Shaded","section":"Shading Mode"},"sceneLighting":true,"audioPlay":false,"sceneViewState":{"m_AlwaysRefresh":false,"showFog":true,"showSkybox":true,"showFlares":true,"showImageEffects":true,"showParticleSystems":true,"showVisualEffectGraphs":true,"m_FxEnabled":true},"in2DMode":false,"pivot":{"x":1.904555320739746,"y":-12.102035522460938,"z":13.36635684967041},"rotation":{"x":-0.43401941657066347,"y":-0.03913028910756111,"z":0.018796471878886224,"w":-0.9000740051269531},"size":15.656770706176758,"orthographic":false}