{"cameraMode":{"drawMode":0,"name":"Shaded","section":"Shading Mode"},"sceneLighting":true,"audioPlay":false,"sceneViewState":{"m_AlwaysRefresh":false,"showFog":true,"showSkybox":true,"showFlares":true,"showImageEffects":true,"showParticleSystems":true,"showVisualEffectGraphs":true,"m_FxEnabled":true},"in2DMode":false,"pivot":{"x":-0.10713821649551392,"y":5.490673065185547,"z":-1.893435001373291},"rotation":{"x":0.392954021692276,"y":0.012921813875436783,"z":-0.005394995212554932,"w":0.9196428656578064},"size":3.700705051422119,"orthographic":false}