{"cameraMode":{"drawMode":0,"name":"Shaded","section":"Shading Mode"},"sceneLighting":true,"audioPlay":false,"sceneViewState":{"m_AlwaysRefresh":false,"showFog":true,"showSkybox":true,"showFlares":true,"showImageEffects":true,"showParticleSystems":true,"showVisualEffectGraphs":true,"m_FxEnabled":true},"in2DMode":false,"pivot":{"x":1.0887101888656617,"y":-17.334182739257814,"z":18.568370819091798},"rotation":{"x":0.39799800515174868,"y":0.0010261290008202196,"z":-0.0004675328964367509,"w":0.9174470901489258},"size":20.679981231689454,"orthographic":false}