{"cameraMode":{"drawMode":0,"name":"Shaded","section":"Shading Mode"},"sceneLighting":true,"audioPlay":false,"sceneViewState":{"m_AlwaysRefresh":false,"showFog":true,"showSkybox":true,"showFlares":true,"showImageEffects":true,"showParticleSystems":true,"showVisualEffectGraphs":true,"m_FxEnabled":true},"in2DMode":false,"pivot":{"x":1.4960706233978272,"y":2.988419532775879,"z":2.043900489807129},"rotation":{"x":-0.511492133140564,"y":0.0066843777894973759,"z":-0.004214577842503786,"w":-0.8595148921012878},"size":4.760097026824951,"orthographic":false}